Model,Accuracy,Precision,Recall,F1 Score,ROC-AUC
Tuned Logistic Regression,0.7256574271499645,0.4901315789473684,0.7967914438502673,0.6069246435845214,0.8351240610650666
